8,0,545.75,222.8,51.79,304.63,1,-1,-1,-1
9,0,544.22,220.57,54.94,308.03,1,-1,-1,-1
10,0,541.8,217.13,59.89,311.66,1,-1,-1,-1
11,0,540.29,216.87,70.86,318.98,1,-1,-1,-1
12,0,540.01,217.43,84.69,325.15,1,-1,-1,-1
13,0,537.65,220.06,96.14,327.97,1,-1,-1,-1
14,0,533.98,222.26,104.43,329.14,1,-1,-1,-1
15,0,531.32,223.18,108.61,327.9,1,-1,-1,-1
16,0,533.77,221.57,109.17,327.88,1,-1,-1,-1
17,0,542.05,221.84,109.82,330.01,1,-1,-1,-1
18,0,549.5,226.31,114.5,331.94,1,-1,-1,-1
19,0,553.59,225.49,120.07,329.64,1,-1,-1,-1
20,0,556.82,226.75,121.86,330.16,1,-1,-1,-1
21,0,562.77,230.04,122.02,336.47,1,-1,-1,-1
22,0,567.61,230.18,119.92,341.63,1,-1,-1,-1
23,0,571.46,229.09,116.78,344.42,1,-1,-1,-1
24,0,576.38,227.03,116.28,349.32,1,-1,-1,-1
25,0,586.54,228.19,120.86,355.03,1,-1,-1,-1
26,0,595.13,227.03,127.89,359.64,1,-1,-1,-1
27,0,599.21,229.69,131.19,364.88,1,-1,-1,-1
28,0,603.01,229.65,128.87,369.49,1,-1,-1,-1
29,0,609.17,231.07,130.0,372.16,1,-1,-1,-1
30,0,617.19,229.84,133.09,376.57,1,-1,-1,-1
31,0,624.08,226.99,137.32,381.56,1,-1,-1,-1
32,0,630.79,228.46,142.11,388.68,1,-1,-1,-1
33,0,633.94,228.5,144.94,394.25,1,-1,-1,-1
34,0,634.0,229.67,145.25,399.79,1,-1,-1,-1
35,0,631.49,227.85,142.86,404.97,1,-1,-1,-1
36,0,628.48,224.82,140.51,409.5,1,-1,-1,-1
37,0,624.81,221.95,140.46,413.87,1,-1,-1,-1
38,0,622.48,219.05,142.09,417.73,1,-1,-1,-1
39,0,621.49,218.03,144.67,422.84,1,-1,-1,-1
40,0,618.16,220.22,146.81,428.68,1,-1,-1,-1
41,0,614.24,219.95,148.87,431.69,1,-1,-1,-1
42,0,609.43,221.71,150.94,437.48,1,-1,-1,-1
43,0,606.17,224.14,151.88,444.53,1,-1,-1,-1
44,0,603.54,224.73,151.7,451.64,1,-1,-1,-1
45,0,600.43,221.43,151.24,457.32,1,-1,-1,-1
46,0,595.52,220.26,151.96,460.45,1,-1,-1,-1
47,0,589.9,217.87,151.91,463.43,1,-1,-1,-1
48,0,579.04,216.14,154.36,465.43,1,-1,-1,-1
49,0,556.45,216.39,164.23,467.52,1,-1,-1,-1
50,0,536.72,214.65,174.75,466.0,1,-1,-1,-1
51,0,530.04,214.04,179.3,464.58,1,-1,-1,-1
52,0,531.51,214.06,177.85,463.47,1,-1,-1,-1
53,0,542.44,213.61,171.19,459.99,1,-1,-1,-1
54,0,550.94,215.82,164.08,457.79,1,-1,-1,-1
55,0,554.1,218.93,159.71,454.98,1,-1,-1,-1
56,0,556.32,221.27,156.78,455.45,1,-1,-1,-1
57,0,556.61,219.59,154.91,452.25,1,-1,-1,-1
58,0,551.96,216.84,146.84,450.63,1,-1,-1,-1
59,0,539.42,213.56,135.39,450.55,1,-1,-1,-1
60,0,524.38,211.84,132.86,447.55,1,-1,-1,-1
61,0,505.55,213.05,138.79,441.41,1,-1,-1,-1
62,0,484.33,213.92,150.59,436.97,1,-1,-1,-1
63,0,471.91,215.59,162.24,431.35,1,-1,-1,-1
64,0,464.84,219.3,171.81,429.64,1,-1,-1,-1
65,0,458.89,219.43,173.22,427.0,1,-1,-1,-1
66,0,446.86,218.26,165.65,423.9,1,-1,-1,-1
67,0,425.63,217.55,157.33,421.99,1,-1,-1,-1
68,0,403.54,217.69,155.97,418.52,1,-1,-1,-1
69,0,388.79,221.26,156.37,412.18,1,-1,-1,-1
70,0,376.94,223.62,156.62,408.47,1,-1,-1,-1
71,0,372.83,228.16,155.96,404.38,1,-1,-1,-1
72,0,365.67,228.72,157.13,399.31,1,-1,-1,-1
73,0,353.54,227.5,157.44,393.1,1,-1,-1,-1
74,0,341.63,224.21,155.17,385.99,1,-1,-1,-1
75,0,329.17,221.93,153.2,380.19,1,-1,-1,-1
76,0,319.91,224.21,151.75,375.07,1,-1,-1,-1
77,0,317.26,224.81,150.14,368.53,1,-1,-1,-1
78,0,313.34,226.74,149.48,363.41,1,-1,-1,-1
79,0,309.94,227.48,148.44,358.3,1,-1,-1,-1
80,0,285.22,206.24,144.58,325.05,1,-1,-1,-1
81,0,270.38,201.83,138.31,302.72,1,-1,-1,-1
82,0,267.92,203.75,129.62,287.41,1,-1,-1,-1
83,0,259.76,209.49,127.78,273.9,1,-1,-1,-1
84,0,250.17,214.38,129.01,263.72,1,-1,-1,-1
85,0,239.7,219.29,130.1,255.39,1,-1,-1,-1
86,0,225.84,222.84,131.36,249.81,1,-1,-1,-1
87,0,212.98,226.14,131.4,247.34,1,-1,-1,-1
88,0,201.72,226.55,129.21,246.36,1,-1,-1,-1
89,0,192.85,226.74,126.51,246.13,1,-1,-1,-1
90,0,185.09,226.3,124.54,245.96,1,-1,-1,-1
91,0,178.65,226.52,123.65,245.3,1,-1,-1,-1
92,0,171.1,227.27,122.45,244.53,1,-1,-1,-1
93,0,165.42,228.63,120.47,244.2,1,-1,-1,-1
94,0,158.43,230.95,119.58,244.51,1,-1,-1,-1
95,0,152.13,233.85,118.68,246.59,1,-1,-1,-1
96,0,146.18,235.46,118.89,250.34,1,-1,-1,-1
97,0,139.59,237.14,121.06,256.86,1,-1,-1,-1
98,0,134.37,238.61,124.63,264.89,1,-1,-1,-1
99,0,130.51,237.65,129.64,270.96,1,-1,-1,-1
100,0,126.35,235.88,134.85,271.47,1,-1,-1,-1
101,0,119.35,236.93,140.3,272.76,1,-1,-1,-1
102,0,114.03,237.21,146.2,272.8,1,-1,-1,-1
103,0,112.13,238.61,149.95,272.81,1,-1,-1,-1
104,0,112.35,237.75,151.85,271.64,1,-1,-1,-1
105,0,116.08,238.38,150.21,271.86,1,-1,-1,-1
106,0,125.66,238.92,145.99,270.67,1,-1,-1,-1
107,0,136.32,242.48,142.35,268.71,1,-1,-1,-1
108,0,140.93,251.98,143.29,264.03,1,-1,-1,-1
109,0,140.89,268.47,149.33,254.72,1,-1,-1,-1
110,0,135.95,292.07,156.34,239.26,1,-1,-1,-1
111,0,130.4,313.37,165.77,218.33,1,-1,-1,-1
112,0,128.55,331.31,167.61,200.89,1,-1,-1,-1
113,0,122.4,346.76,166.89,189.11,1,-1,-1,-1
114,0,121.85,356.87,162.47,180.42,1,-1,-1,-1
115,0,120.28,363.05,157.75,172.76,1,-1,-1,-1
116,0,116.39,363.31,157.45,166.51,1,-1,-1,-1
117,0,112.98,364.04,158.71,162.59,1,-1,-1,-1
118,0,109.98,364.66,160.14,159.51,1,-1,-1,-1
119,0,107.67,365.3,162.51,157.31,1,-1,-1,-1
120,0,107.84,365.61,163.41,155.48,1,-1,-1,-1
121,0,108.84,367.06,162.68,153.91,1,-1,-1,-1
122,0,111.07,367.61,160.77,152.49,1,-1,-1,-1
123,0,112.47,369.12,157.72,151.17,1,-1,-1,-1
124,0,114.05,369.94,155.22,149.38,1,-1,-1,-1
125,0,114.75,371.35,152.83,148.33,1,-1,-1,-1
126,0,115.29,371.64,150.81,147.0,1,-1,-1,-1
127,0,114.95,373.24,149.88,146.02,1,-1,-1,-1
128,0,115.02,373.97,149.19,145.3,1,-1,-1,-1
129,0,114.54,374.51,148.7,145.05,1,-1,-1,-1
130,0,113.64,374.06,148.07,144.87,1,-1,-1,-1
131,0,113.71,373.89,147.06,144.73,1,-1,-1,-1
132,0,114.13,373.43,146.59,144.08,1,-1,-1,-1
133,0,113.75,373.52,146.25,143.88,1,-1,-1,-1
134,0,113.22,373.38,146.28,143.47,1,-1,-1,-1
135,0,112.85,374.02,146.03,143.17,1,-1,-1,-1
136,0,112.12,374.68,145.85,143.5,1,-1,-1,-1
137,0,111.71,374.85,145.45,143.73,1,-1,-1,-1
138,0,111.56,375.49,145.99,143.92,1,-1,-1,-1
139,0,111.42,376.71,146.39,144.62,1,-1,-1,-1
140,0,110.29,376.85,146.13,144.83,1,-1,-1,-1
141,0,108.62,377.03,145.95,145.27,1,-1,-1,-1
142,0,107.2,376.81,145.54,145.31,1,-1,-1,-1
143,0,106.76,377.35,145.24,145.34,1,-1,-1,-1
144,0,107.15,377.51,146.67,145.4,1,-1,-1,-1
145,0,106.8,378.01,148.26,145.17,1,-1,-1,-1
146,0,106.59,378.4,149.7,145.29,1,-1,-1,-1
147,0,106.09,378.51,150.48,145.38,1,-1,-1,-1
148,0,104.93,378.34,150.77,145.16,1,-1,-1,-1
149,0,104.46,378.48,150.99,145.27,1,-1,-1,-1
150,0,103.6,378.31,151.14,145.09,1,-1,-1,-1
151,0,103.27,377.43,151.25,144.67,1,-1,-1,-1
152,0,102.48,376.96,151.33,144.1,1,-1,-1,-1
153,0,102.27,376.42,150.57,143.95,1,-1,-1,-1
154,0,103.18,375.21,150.28,143.29,1,-1,-1,-1
155,0,103.6,373.55,150.07,142.81,1,-1,-1,-1
156,0,104.26,372.36,149.65,142.46,1,-1,-1,-1
157,0,105.07,371.14,149.06,141.93,1,-1,-1,-1
158,0,105.94,370.32,148.36,141.81,1,-1,-1,-1
159,0,106.32,370.04,148.67,141.74,1,-1,-1,-1
160,0,106.41,369.96,148.9,141.69,1,-1,-1,-1
161,0,106.59,369.76,149.34,141.38,1,-1,-1,-1
162,0,106.39,369.95,149.4,141.43,1,-1,-1,-1
163,0,106.12,369.56,149.17,141.73,1,-1,-1,-1
164,0,106.06,369.83,149.0,141.69,1,-1,-1,-1
165,0,106.34,369.77,148.32,141.37,1,-1,-1,-1
166,0,106.56,370.0,147.83,141.41,1,-1,-1,-1
167,0,106.28,370.55,147.75,141.18,1,-1,-1,-1
168,0,106.37,370.8,147.96,141.01,1,-1,-1,-1
169,0,106.37,371.78,148.12,141.16,1,-1,-1,-1
170,0,105.41,372.12,148.79,141.29,1,-1,-1,-1
171,0,104.28,372.88,149.28,141.38,1,-1,-1,-1
172,0,103.77,373.15,149.63,141.44,1,-1,-1,-1
173,0,104.18,373.7,149.89,141.22,1,-1,-1,-1
174,0,103.63,373.3,150.08,141.06,1,-1,-1,-1
175,0,102.93,372.89,150.51,141.49,1,-1,-1,-1
176,0,102.6,372.47,150.81,141.54,1,-1,-1,-1
177,0,101.77,372.3,151.03,141.57,1,-1,-1,-1
178,0,101.43,371.85,151.19,141.04,1,-1,-1,-1
179,0,100.81,371.96,151.58,140.94,1,-1,-1,-1
180,0,100.7,372.02,152.14,140.87,1,-1,-1,-1
181,0,100.76,372.7,152.83,140.83,1,-1,-1,-1
182,0,100.86,373.62,153.6,140.8,1,-1,-1,-1
183,0,101.23,374.82,153.9,141.05,1,-1,-1,-1
184,0,100.85,375.88,154.39,141.24,1,-1,-1,-1
185,0,100.43,376.43,154.48,141.64,1,-1,-1,-1
186,0,100.72,376.56,154.28,141.94,1,-1,-1,-1
187,0,100.68,376.74,153.86,142.42,1,-1,-1,-1
188,0,100.65,376.52,154.37,142.51,1,-1,-1,-1
189,0,101.02,376.4,154.47,142.58,1,-1,-1,-1
190,0,101.15,374.85,154.54,142.35,1,-1,-1,-1
191,0,100.07,373.91,154.86,141.64,1,-1,-1,-1
192,0,99.22,372.56,154.54,141.39,1,-1,-1,-1
193,0,98.5,371.91,154.59,140.94,1,-1,-1,-1
194,0,97.57,371.28,154.62,140.88,1,-1,-1,-1
195,0,96.64,371.06,153.83,140.84,1,-1,-1,-1
196,0,95.98,371.19,153.53,141.08,1,-1,-1,-1
197,0,96.07,371.01,152.75,140.97,1,-1,-1,-1
198,0,96.43,371.16,152.47,141.17,1,-1,-1,-1
199,0,97.2,371.37,153.09,141.61,1,-1,-1,-1
200,0,97.39,371.57,153.55,142.2,1,-1,-1,-1
201,0,97.39,372.01,153.88,142.36,1,-1,-1,-1
202,0,97.8,371.77,153.84,141.93,1,-1,-1,-1
203,0,98.43,372.14,153.55,142.15,1,-1,-1,-1
204,0,98.91,372.24,153.61,142.32,1,-1,-1,-1
205,0,98.43,372.9,153.65,142.45,1,-1,-1,-1
206,0,98.24,372.09,153.68,141.99,1,-1,-1,-1
207,0,99.1,370.56,153.15,141.65,1,-1,-1,-1
208,0,99.51,370.7,152.76,141.4,1,-1,-1,-1
209,0,100.93,369.88,151.39,141.75,1,-1,-1,-1
210,0,103.59,369.32,151.21,141.74,1,-1,-1,-1
211,0,105.65,368.73,151.62,141.2,1,-1,-1,-1
212,0,108.48,369.27,150.28,140.79,1,-1,-1,-1
213,0,113.04,370.67,149.29,140.22,1,-1,-1,-1
214,0,115.79,366.93,148.14,142.68,1,-1,-1,-1
215,0,116.53,358.25,148.88,147.71,1,-1,-1,-1
216,0,116.04,346.6,150.0,155.27,1,-1,-1,-1
217,0,115.26,331.65,151.53,164.24,1,-1,-1,-1
218,0,114.61,315.21,152.77,177.53,1,-1,-1,-1
219,0,116.86,297.47,151.44,189.44,1,-1,-1,-1
220,0,118.62,281.82,150.39,201.54,1,-1,-1,-1
221,0,122.66,266.68,148.4,213.05,1,-1,-1,-1
222,0,125.38,253.45,143.25,223.55,1,-1,-1,-1
223,0,128.04,244.71,134.71,232.66,1,-1,-1,-1
224,0,133.97,238.39,126.8,241.8,1,-1,-1,-1
225,0,140.55,232.78,120.3,248.74,1,-1,-1,-1
226,0,146.32,230.73,113.84,254.12,1,-1,-1,-1
227,0,150.74,228.29,108.8,257.82,1,-1,-1,-1
228,0,156.45,225.35,105.93,260.87,1,-1,-1,-1
229,0,162.82,222.3,105.48,264.18,1,-1,-1,-1
230,0,168.37,220.58,106.79,266.79,1,-1,-1,-1
231,0,175.68,220.7,107.17,266.43,1,-1,-1,-1
232,0,184.08,221.46,106.35,265.06,1,-1,-1,-1
233,0,198.11,221.92,104.39,261.11,1,-1,-1,-1
234,0,217.53,221.18,101.36,255.08,1,-1,-1,-1
235,0,234.68,219.87,96.66,249.76,1,-1,-1,-1
236,0,244.01,219.97,95.39,245.43,1,-1,-1,-1
237,0,248.59,220.39,101.56,243.19,1,-1,-1,-1
238,0,252.74,221.5,112.36,239.94,1,-1,-1,-1
239,0,258.66,225.0,121.05,237.95,1,-1,-1,-1
240,0,269.12,228.1,127.06,227.9,1,-1,-1,-1
241,0,284.48,232.53,129.58,224.88,1,-1,-1,-1
242,1,1127.82,333.36,175.86,328.2,1,-1,-1,-1
242,0,305.45,236.71,131.74,219.48,1,-1,-1,-1
243,1,1106.81,299.18,186.59,382.33,1,-1,-1,-1
243,0,325.87,240.52,132.51,223.54,1,-1,-1,-1
244,1,1089.24,281.53,196.39,419.0,1,-1,-1,-1
244,0,344.07,253.87,133.44,244.43,1,-1,-1,-1
245,1,1068.35,273.78,201.29,437.43,1,-1,-1,-1
245,0,361.98,262.77,133.92,267.51,1,-1,-1,-1
246,1,1039.22,263.05,203.01,453.68,1,-1,-1,-1
246,0,379.27,262.54,133.26,287.9,1,-1,-1,-1
247,1,1006.69,256.48,213.91,467.56,1,-1,-1,-1
247,0,403.37,259.4,138.28,308.05,1,-1,-1,-1
248,1,985.13,253.48,227.72,474.29,1,-1,-1,-1
248,0,422.11,257.03,144.95,324.97,1,-1,-1,-1
249,1,963.8,256.57,236.08,472.77,1,-1,-1,-1
249,0,436.79,253.58,143.85,336.86,1,-1,-1,-1
250,1,944.57,260.78,237.7,471.74,1,-1,-1,-1
250,0,453.36,246.91,137.47,345.93,1,-1,-1,-1
251,1,934.97,263.36,225.81,468.88,1,-1,-1,-1
251,0,473.95,243.19,129.0,355.41,1,-1,-1,-1
252,1,935.01,262.76,209.36,466.46,1,-1,-1,-1
252,0,496.57,238.89,124.62,361.94,1,-1,-1,-1
253,1,935.93,263.06,190.67,463.31,1,-1,-1,-1
253,0,525.21,234.16,138.7,371.07,1,-1,-1,-1
254,1,926.85,264.59,179.2,456.78,1,-1,-1,-1
254,0,541.11,230.93,153.85,377.2,1,-1,-1,-1
255,1,913.2,267.34,172.68,451.41,1,-1,-1,-1
255,0,547.97,231.08,167.93,383.15,1,-1,-1,-1
256,1,905.97,267.71,161.62,446.91,1,-1,-1,-1
256,0,557.46,229.01,170.77,386.22,1,-1,-1,-1
257,1,897.56,266.29,152.1,443.17,1,-1,-1,-1
257,0,580.58,224.71,159.15,387.73,1,-1,-1,-1
258,1,883.65,266.73,146.69,441.89,1,-1,-1,-1
258,0,612.52,223.06,145.19,389.51,1,-1,-1,-1
259,1,867.41,268.51,145.98,440.91,1,-1,-1,-1
259,0,643.87,227.35,144.07,393.98,1,-1,-1,-1
260,1,856.42,267.61,145.92,432.66,1,-1,-1,-1
260,0,664.06,227.37,152.03,400.72,1,-1,-1,-1
261,1,846.24,269.29,145.83,427.56,1,-1,-1,-1
261,0,680.14,226.4,164.39,406.42,1,-1,-1,-1
262,1,847.33,269.22,143.41,423.88,1,-1,-1,-1
262,0,687.95,225.39,174.24,411.7,1,-1,-1,-1
263,1,864.54,262.77,134.64,415.81,1,-1,-1,-1
263,0,700.57,221.25,178.95,416.51,1,-1,-1,-1
264,1,874.48,262.44,135.74,407.36,1,-1,-1,-1
264,0,724.1,218.92,183.19,419.07,1,-1,-1,-1
265,1,881.88,261.87,134.77,401.28,1,-1,-1,-1
265,0,735.95,216.66,176.42,420.74,1,-1,-1,-1
266,1,880.6,265.74,139.19,395.55,1,-1,-1,-1
266,0,742.11,215.29,167.37,421.64,1,-1,-1,-1
267,1,882.86,267.98,142.36,388.74,1,-1,-1,-1
267,0,755.4,215.96,174.17,422.16,1,-1,-1,-1
268,1,872.95,266.15,151.76,383.18,1,-1,-1,-1
268,0,754.93,214.93,165.16,422.25,1,-1,-1,-1
269,1,872.9,262.27,157.43,380.4,1,-1,-1,-1
269,0,756.92,214.53,158.32,421.57,1,-1,-1,-1
270,1,875.34,261.45,161.52,376.26,1,-1,-1,-1
270,0,762.59,214.38,159.34,421.93,1,-1,-1,-1
271,1,857.33,255.88,176.42,376.88,1,-1,-1,-1
271,0,764.02,213.81,157.07,422.38,1,-1,-1,-1
272,1,868.0,261.85,176.72,374.21,1,-1,-1,-1
272,0,767.41,215.04,159.52,422.24,1,-1,-1,-1
273,1,878.03,263.76,172.96,373.43,1,-1,-1,-1
273,0,765.54,216.84,158.84,422.09,1,-1,-1,-1
274,1,900.86,269.53,155.22,370.37,1,-1,-1,-1
274,0,759.77,217.58,150.4,422.54,1,-1,-1,-1
275,1,922.77,269.76,137.77,366.71,1,-1,-1,-1
275,0,756.57,217.82,140.14,423.41,1,-1,-1,-1
276,1,945.54,270.23,120.54,362.68,1,-1,-1,-1
276,0,754.07,216.69,128.54,423.51,1,-1,-1,-1
277,1,956.77,271.0,109.39,358.76,1,-1,-1,-1
277,0,754.31,216.23,120.07,423.58,1,-1,-1,-1
278,1,963.29,272.91,101.82,354.12,1,-1,-1,-1
278,0,756.58,216.45,114.17,423.42,1,-1,-1,-1
279,1,967.3,276.2,95.75,350.59,1,-1,-1,-1
279,0,757.22,217.86,110.13,423.3,1,-1,-1,-1
280,1,968.21,276.16,91.89,348.64,1,-1,-1,-1
280,0,757.59,218.8,107.45,423.72,1,-1,-1,-1
281,1,965.25,279.81,89.09,347.17,1,-1,-1,-1
281,0,757.63,220.04,105.77,422.74,1,-1,-1,-1
282,1,963.72,282.16,86.78,346.05,1,-1,-1,-1
282,0,758.31,222.63,104.27,422.0,1,-1,-1,-1
283,1,960.23,284.39,89.02,346.24,1,-1,-1,-1
283,0,759.32,222.25,104.0,423.09,1,-1,-1,-1
284,1,953.72,286.07,94.32,347.94,1,-1,-1,-1
284,0,760.51,222.73,104.08,424.19,1,-1,-1,-1
285,1,946.76,284.81,100.71,350.44,1,-1,-1,-1
285,0,760.5,223.25,103.58,423.87,1,-1,-1,-1
286,1,936.3,288.33,108.98,349.9,1,-1,-1,-1
286,0,759.36,224.01,99.66,423.24,1,-1,-1,-1
287,1,929.5,291.5,115.84,349.29,1,-1,-1,-1
287,0,759.74,223.32,97.07,419.67,1,-1,-1,-1
288,1,939.25,291.68,114.73,351.09,1,-1,-1,-1
288,0,761.9,224.26,96.55,420.46,1,-1,-1,-1
289,1,950.41,292.11,109.21,352.95,1,-1,-1,-1
289,0,763.14,224.37,96.72,421.89,1,-1,-1,-1
290,1,957.38,291.88,104.9,354.42,1,-1,-1,-1
290,0,765.04,224.4,97.11,420.46,1,-1,-1,-1
291,1,962.15,291.33,100.92,355.2,1,-1,-1,-1
291,0,765.84,226.32,97.68,421.93,1,-1,-1,-1
292,1,964.98,291.02,98.59,356.96,1,-1,-1,-1
292,0,765.91,227.22,98.91,422.78,1,-1,-1,-1
293,1,966.52,289.98,98.01,358.78,1,-1,-1,-1
293,0,765.68,228.24,99.81,423.66,1,-1,-1,-1
294,1,967.35,289.87,97.87,360.19,1,-1,-1,-1
294,0,765.01,228.01,99.92,424.53,1,-1,-1,-1
295,1,967.64,289.74,97.77,361.51,1,-1,-1,-1
295,0,765.06,227.41,98.62,424.55,1,-1,-1,-1
296,1,968.11,290.33,98.25,362.01,1,-1,-1,-1
296,0,763.78,226.92,97.4,422.41,1,-1,-1,-1
297,1,967.13,289.19,98.07,364.22,1,-1,-1,-1
297,0,765.93,227.75,98.16,422.8,1,-1,-1,-1
298,1,967.03,288.01,97.37,365.23,1,-1,-1,-1
298,0,767.43,227.8,98.98,422.81,1,-1,-1,-1
299,1,966.72,287.86,96.31,365.65,1,-1,-1,-1
299,0,768.59,227.22,100.67,422.01,1,-1,-1,-1
300,1,965.83,288.6,96.09,365.48,1,-1,-1,-1
300,0,768.8,228.78,103.01,422.06,1,-1,-1,-1
301,1,965.04,288.87,96.21,365.41,1,-1,-1,-1
301,0,769.39,229.33,106.07,422.14,1,-1,-1,-1
302,1,964.99,289.93,95.74,364.75,1,-1,-1,-1
302,0,768.47,229.89,107.49,422.73,1,-1,-1,-1
303,1,965.87,289.87,95.68,365.41,1,-1,-1,-1
303,0,765.58,230.42,107.16,423.62,1,-1,-1,-1
304,1,965.83,290.86,95.09,365.56,1,-1,-1,-1
304,0,764.06,230.52,107.19,423.47,1,-1,-1,-1
305,1,966.0,292.05,93.82,363.98,1,-1,-1,-1
305,0,763.92,230.57,106.94,423.34,1,-1,-1,-1
306,1,965.63,293.23,92.89,362.54,1,-1,-1,-1
306,0,762.78,231.25,107.03,423.26,1,-1,-1,-1
307,1,965.64,294.65,92.21,360.66,1,-1,-1,-1
307,0,762.97,231.51,107.09,423.2,1,-1,-1,-1
308,1,964.92,295.52,91.44,359.27,1,-1,-1,-1
308,0,763.03,231.8,107.14,423.42,1,-1,-1,-1
309,1,964.78,295.88,90.88,357.98,1,-1,-1,-1
309,0,763.03,232.51,107.17,423.58,1,-1,-1,-1
310,1,963.71,295.66,90.74,356.24,1,-1,-1,-1
310,0,763.02,232.74,107.19,423.7,1,-1,-1,-1
311,1,963.6,296.64,90.1,356.02,1,-1,-1,-1
311,0,763.2,232.32,107.48,424.07,1,-1,-1,-1
312,1,962.74,296.27,90.19,356.77,1,-1,-1,-1
312,0,763.2,232.28,107.7,424.61,1,-1,-1,-1
313,1,962.78,296.6,90.82,357.39,1,-1,-1,-1
313,0,764.28,232.62,107.57,424.71,1,-1,-1,-1
314,1,963.73,296.57,91.82,357.92,1,-1,-1,-1
314,0,764.05,232.73,107.49,424.78,1,-1,-1,-1
315,1,963.26,295.91,92.56,357.45,1,-1,-1,-1
315,0,763.97,232.74,107.42,424.83,1,-1,-1,-1
316,1,963.14,295.52,93.37,356.87,1,-1,-1,-1
316,0,763.94,232.27,107.37,425.14,1,-1,-1,-1
317,1,962.31,296.4,93.96,355.89,1,-1,-1,-1
317,0,764.4,231.92,107.06,424.26,1,-1,-1,-1
318,1,962.54,296.43,94.39,355.48,1,-1,-1,-1
318,0,763.97,232.51,106.84,424.43,1,-1,-1,-1
319,1,961.71,297.54,94.44,355.71,1,-1,-1,-1
319,0,763.84,231.86,106.67,424.28,1,-1,-1,-1
320,1,961.84,297.85,94.2,356.68,1,-1,-1,-1
320,0,763.63,231.45,106.27,423.89,1,-1,-1,-1
321,1,961.1,298.72,93.75,356.82,1,-1,-1,-1
321,0,763.89,230.26,105.44,423.84,1,-1,-1,-1
322,1,961.64,298.86,92.6,356.59,1,-1,-1,-1
322,0,764.05,230.53,105.64,423.02,1,-1,-1,-1
323,1,962.24,298.47,92.03,356.72,1,-1,-1,-1
323,0,764.07,230.79,105.8,422.42,1,-1,-1,-1
324,1,962.38,298.68,91.35,357.33,1,-1,-1,-1
324,0,764.06,230.99,105.9,421.98,1,-1,-1,-1
325,1,963.2,298.37,90.86,358.34,1,-1,-1,-1
325,0,763.84,230.69,105.71,421.92,1,-1,-1,-1
326,1,963.14,298.23,90.78,359.39,1,-1,-1,-1
326,0,764.44,231.05,105.57,421.6,1,-1,-1,-1
327,1,963.51,297.95,91.28,360.23,1,-1,-1,-1
327,0,764.23,231.89,105.74,421.37,1,-1,-1,-1
328,2,591.66,261.8,85.75,324.62,1,-1,-1,-1
328,1,963.75,297.21,91.92,361.16,1,-1,-1,-1
328,0,764.31,231.6,106.13,421.22,1,-1,-1,-1
329,2,591.92,263.8,94.94,326.18,1,-1,-1,-1
329,1,964.38,296.75,92.39,361.83,1,-1,-1,-1
329,0,764.27,232.25,106.42,420.28,1,-1,-1,-1
330,2,590.07,262.82,97.05,321.93,1,-1,-1,-1
330,1,965.0,296.47,92.45,362.3,1,-1,-1,-1
330,0,763.36,232.97,106.36,420.95,1,-1,-1,-1
331,2,587.67,262.69,97.77,323.3,1,-1,-1,-1
331,1,965.21,296.93,92.5,362.65,1,-1,-1,-1
331,0,763.68,232.36,106.31,420.34,1,-1,-1,-1
332,2,587.62,263.89,97.36,324.53,1,-1,-1,-1
332,1,965.66,295.89,93.09,363.23,1,-1,-1,-1
332,0,763.34,232.52,106.55,421.29,1,-1,-1,-1
333,2,588.4,265.86,100.1,327.87,1,-1,-1,-1
333,1,965.53,295.67,93.25,363.08,1,-1,-1,-1
333,0,762.52,233.07,106.73,421.97,1,-1,-1,-1
334,2,589.16,269.24,103.27,326.31,1,-1,-1,-1
334,1,965.44,295.8,93.36,363.26,1,-1,-1,-1
334,0,762.37,233.43,107.13,421.93,1,-1,-1,-1
335,2,587.99,269.8,107.76,328.24,1,-1,-1,-1
335,1,965.39,296.55,93.44,362.56,1,-1,-1,-1
335,0,762.52,233.31,106.88,422.42,1,-1,-1,-1
336,2,585.27,267.58,113.11,332.29,1,-1,-1,-1
336,1,965.81,296.97,93.23,362.04,1,-1,-1,-1
336,0,761.78,234.02,106.42,423.03,1,-1,-1,-1
337,2,580.73,266.46,117.98,334.89,1,-1,-1,-1
337,1,965.35,297.4,93.07,361.93,1,-1,-1,-1
337,0,760.93,233.72,106.08,423.75,1,-1,-1,-1
338,2,576.51,265.51,119.39,335.45,1,-1,-1,-1
338,1,963.89,298.31,92.96,361.04,1,-1,-1,-1
338,0,760.48,234.4,105.56,423.72,1,-1,-1,-1
339,2,573.78,265.46,117.45,333.6,1,-1,-1,-1
339,1,963.16,299.01,92.6,360.64,1,-1,-1,-1
339,0,760.68,234.67,104.63,423.67,1,-1,-1,-1
340,2,570.7,266.85,114.16,331.97,1,-1,-1,-1
340,1,960.9,297.44,93.17,361.54,1,-1,-1,-1
340,0,760.66,234.57,104.5,423.38,1,-1,-1,-1
341,2,567.73,267.6,109.93,330.83,1,-1,-1,-1
341,1,960.23,297.91,93.03,361.04,1,-1,-1,-1
341,0,760.03,234.39,104.41,422.9,1,-1,-1,-1
342,2,563.95,269.3,107.73,330.1,1,-1,-1,-1
342,1,959.54,296.85,93.21,360.7,1,-1,-1,-1
342,0,759.16,233.75,104.34,422.54,1,-1,-1,-1
343,2,559.37,273.78,106.69,329.29,1,-1,-1,-1
343,1,959.07,295.51,93.07,361.8,1,-1,-1,-1
343,0,759.51,233.56,104.28,422.28,1,-1,-1,-1
344,2,555.94,279.48,107.15,332.05,1,-1,-1,-1
344,1,958.55,296.1,92.41,360.66,1,-1,-1,-1
344,0,759.19,234.46,104.52,421.55,1,-1,-1,-1
345,2,551.07,279.98,111.28,335.64,1,-1,-1,-1
345,1,957.37,296.8,92.21,359.3,1,-1,-1,-1
345,0,758.77,235.48,105.23,419.91,1,-1,-1,-1
346,2,542.84,277.35,119.81,340.56,1,-1,-1,-1
346,1,955.66,297.12,92.05,358.03,1,-1,-1,-1
346,0,758.22,236.32,106.3,419.02,1,-1,-1,-1
347,2,532.29,273.23,128.86,345.91,1,-1,-1,-1
347,1,954.87,298.39,91.67,356.54,1,-1,-1,-1
347,0,758.7,236.1,109.27,418.45,1,-1,-1,-1
348,2,519.82,270.96,136.93,354.5,1,-1,-1,-1
348,1,954.66,299.33,91.39,355.74,1,-1,-1,-1
348,0,759.59,235.27,112.26,417.78,1,-1,-1,-1
349,2,510.58,272.37,143.95,364.22,1,-1,-1,-1
349,1,954.64,299.82,91.18,355.15,1,-1,-1,-1
349,0,759.38,235.73,112.52,415.31,1,-1,-1,-1
350,2,508.75,274.99,146.06,372.13,1,-1,-1,-1
350,1,954.69,299.84,91.04,355.27,1,-1,-1,-1
350,0,759.08,235.47,114.35,415.24,1,-1,-1,-1
351,2,511.32,276.07,143.82,379.38,1,-1,-1,-1
351,1,954.94,300.08,91.2,354.84,1,-1,-1,-1
351,0,758.26,235.4,115.14,415.17,1,-1,-1,-1
352,2,518.51,274.73,139.84,386.12,1,-1,-1,-1
352,1,955.49,299.33,91.06,355.05,1,-1,-1,-1
352,0,759.2,236.8,114.9,414.27,1,-1,-1,-1
353,2,527.46,272.83,137.15,391.32,1,-1,-1,-1
353,1,956.2,299.21,90.68,355.47,1,-1,-1,-1
353,0,759.21,238.92,114.17,414.67,1,-1,-1,-1
354,2,537.69,273.88,136.93,398.72,1,-1,-1,-1
354,1,956.35,298.83,90.13,356.29,1,-1,-1,-1
354,0,759.69,240.66,112.27,413.58,1,-1,-1,-1
355,2,547.98,275.97,140.38,403.85,1,-1,-1,-1
355,1,957.17,299.84,89.73,356.9,1,-1,-1,-1
355,0,760.92,239.8,108.14,412.95,1,-1,-1,-1
356,2,559.27,281.17,145.18,411.2,1,-1,-1,-1
356,1,957.36,298.94,89.17,358.4,1,-1,-1,-1
356,0,762.19,241.64,104.32,414.88,1,-1,-1,-1
357,2,567.65,281.1,147.18,416.56,1,-1,-1,-1
357,1,958.66,299.45,88.49,359.22,1,-1,-1,-1
357,0,764.28,245.02,102.91,418.07,1,-1,-1,-1
358,2,589.79,276.98,148.4,425.27,1,-1,-1,-1
358,1,959.08,299.96,87.71,359.53,1,-1,-1,-1
358,0,766.17,244.76,102.15,421.03,1,-1,-1,-1
359,2,611.42,276.49,146.98,432.73,1,-1,-1,-1
359,1,959.84,300.3,86.88,360.01,1,-1,-1,-1
359,0,766.91,244.15,100.49,420.51,1,-1,-1,-1
360,2,627.28,272.25,148.42,438.93,1,-1,-1,-1
360,1,959.63,300.52,86.27,360.64,1,-1,-1,-1
360,0,767.67,244.3,99.56,421.46,1,-1,-1,-1
361,2,642.26,270.43,158.71,442.16,1,-1,-1,-1
361,1,959.19,299.81,86.1,361.14,1,-1,-1,-1
361,0,768.2,244.72,98.05,421.06,1,-1,-1,-1
362,2,658.15,272.15,163.91,444.28,1,-1,-1,-1
362,1,959.05,300.1,85.98,361.51,1,-1,-1,-1
362,0,775.69,243.11,92.02,419.82,1,-1,-1,-1
363,2,686.22,266.21,164.33,449.61,1,-1,-1,-1
363,1,959.3,298.71,85.35,363.34,1,-1,-1,-1
363,0,783.21,223.11,84.28,395.4,1,-1,-1,-1
364,2,721.31,263.41,162.63,454.56,1,-1,-1,-1
364,1,959.69,298.39,85.18,365.54,1,-1,-1,-1
364,0,764.37,204.64,94.01,289.77,1,-1,-1,-1
365,2,747.81,264.61,167.52,457.01,1,-1,-1,-1
365,1,958.76,298.4,85.31,366.11,1,-1,-1,-1
365,0,759.71,212.1,94.0,263.52,1,-1,-1,-1
366,2,778.03,268.03,183.65,455.81,1,-1,-1,-1
366,1,958.39,300.06,85.41,364.32,1,-1,-1,-1
366,0,762.31,226.25,91.18,253.67,1,-1,-1,-1
367,2,791.99,271.94,198.17,453.29,1,-1,-1,-1
367,1,962.68,301.65,82.46,363.64,1,-1,-1,-1
367,0,765.51,264.1,96.83,289.3,1,-1,-1,-1
368,2,819.03,276.62,202.84,449.73,1,-1,-1,-1
368,1,962.93,314.99,81.49,371.21,1,-1,-1,-1
368,0,766.72,279.26,99.67,321.79,1,-1,-1,-1
369,2,862.8,270.74,199.8,453.12,1,-1,-1,-1
369,0,766.54,278.02,99.42,346.14,1,-1,-1,-1
370,2,914.89,268.38,189.14,453.9,1,-1,-1,-1
370,0,766.02,272.77,98.91,365.46,1,-1,-1,-1
371,2,954.13,270.32,187.21,453.64,1,-1,-1,-1
371,0,765.99,267.75,98.36,380.65,1,-1,-1,-1
372,2,989.9,274.14,192.2,449.92,1,-1,-1,-1
372,0,766.13,262.38,97.87,392.51,1,-1,-1,-1
373,2,1033.91,272.65,198.87,449.08,1,-1,-1,-1
373,0,765.83,257.92,97.73,402.33,1,-1,-1,-1
374,1,950.5,309.04,95.89,353.67,1,-1,-1,-1
374,2,1071.73,270.75,199.25,450.05,1,-1,-1,-1
374,0,764.82,256.62,98.15,410.34,1,-1,-1,-1
375,1,950.08,306.56,96.01,358.93,1,-1,-1,-1
375,2,1110.1,270.3,186.13,450.48,1,-1,-1,-1
375,0,764.01,254.29,97.88,415.6,1,-1,-1,-1
376,1,950.71,305.89,95.28,359.17,1,-1,-1,-1
376,2,1135.62,283.38,170.44,444.34,1,-1,-1,-1
376,0,762.36,252.77,98.5,419.36,1,-1,-1,-1
377,1,950.63,305.36,95.62,360.98,1,-1,-1,-1
377,0,761.83,251.76,99.22,423.5,1,-1,-1,-1
378,1,950.94,306.3,95.08,361.92,1,-1,-1,-1
378,0,760.86,250.59,99.74,426.51,1,-1,-1,-1
379,1,950.63,306.41,95.05,363.23,1,-1,-1,-1
379,0,761.06,250.3,100.12,427.87,1,-1,-1,-1
380,1,950.86,306.15,94.34,364.14,1,-1,-1,-1
380,0,761.09,251.39,100.39,429.14,1,-1,-1,-1
381,1,950.36,305.52,93.92,366.76,1,-1,-1,-1
381,0,760.59,252.17,100.86,430.08,1,-1,-1,-1
382,1,949.95,306.22,94.2,368.41,1,-1,-1,-1
382,0,760.14,252.73,100.93,430.47,1,-1,-1,-1
383,1,950.79,307.53,93.68,367.5,1,-1,-1,-1
383,0,760.05,253.77,100.16,430.16,1,-1,-1,-1
384,1,951.51,308.29,92.67,366.52,1,-1,-1,-1
384,0,759.88,254.99,100.15,430.24,1,-1,-1,-1
385,1,951.0,309.49,92.55,365.54,1,-1,-1,-1
385,0,759.64,255.68,99.86,429.73,1,-1,-1,-1
386,1,949.37,310.22,93.4,365.85,1,-1,-1,-1
386,0,759.15,256.82,99.92,429.65,1,-1,-1,-1
387,1,946.04,310.19,95.21,366.49,1,-1,-1,-1
387,0,758.76,257.23,99.7,429.57,1,-1,-1,-1
388,1,943.36,313.65,96.79,366.29,1,-1,-1,-1
388,0,758.48,257.17,99.26,429.23,1,-1,-1,-1
389,1,942.15,310.73,99.13,367.37,1,-1,-1,-1
389,0,758.08,257.65,98.39,428.68,1,-1,-1,-1
390,1,941.14,310.18,100.5,367.9,1,-1,-1,-1
390,0,757.82,257.23,98.3,428.3,1,-1,-1,-1
391,1,940.19,309.33,100.89,368.03,1,-1,-1,-1
391,0,757.56,257.11,97.96,428.01,1,-1,-1,-1
392,1,939.96,308.47,101.45,368.44,1,-1,-1,-1
392,0,757.07,257.36,97.99,427.26,1,-1,-1,-1
393,1,940.1,309.57,101.25,367.66,1,-1,-1,-1
393,0,756.89,257.93,98.01,427.26,1,-1,-1,-1
394,1,940.21,310.31,101.1,367.35,1,-1,-1,-1
394,0,757.29,258.14,97.75,427.25,1,-1,-1,-1
395,1,940.11,310.66,100.69,367.04,1,-1,-1,-1
395,0,757.5,258.01,97.56,426.96,1,-1,-1,-1
396,1,940.63,310.88,100.1,366.73,1,-1,-1,-1
396,0,757.43,258.65,97.14,426.74,1,-1,-1,-1
397,1,940.76,310.38,99.38,366.42,1,-1,-1,-1
397,0,757.49,258.64,96.85,427.12,1,-1,-1,-1
398,1,940.77,311.21,98.55,365.57,1,-1,-1,-1
398,0,757.76,258.55,96.9,427.42,1,-1,-1,-1
399,1,940.27,311.38,97.95,365.5,1,-1,-1,-1
399,0,757.4,257.78,97.21,427.65,1,-1,-1,-1
400,1,940.02,310.36,97.23,365.66,1,-1,-1,-1
400,0,757.21,257.25,97.44,427.54,1,-1,-1,-1
401,1,939.88,310.24,96.41,365.16,1,-1,-1,-1
401,0,756.92,256.41,97.33,427.45,1,-1,-1,-1
402,1,939.43,309.7,94.96,364.64,1,-1,-1,-1
402,0,756.56,255.62,97.8,427.68,1,-1,-1,-1
403,1,938.69,310.16,93.61,363.1,1,-1,-1,-1
403,0,756.35,255.55,98.15,427.3,1,-1,-1,-1
404,1,938.3,309.53,92.06,362.16,1,-1,-1,-1
404,0,755.56,254.47,98.39,427.3,1,-1,-1,-1
405,1,938.06,309.7,90.37,361.64,1,-1,-1,-1
405,0,754.84,254.07,98.03,427.27,1,-1,-1,-1
406,1,937.63,310.24,89.14,361.8,1,-1,-1,-1
406,0,755.57,254.29,97.21,425.87,1,-1,-1,-1
407,1,937.23,309.64,88.54,362.82,1,-1,-1,-1
407,0,754.23,253.88,96.89,425.66,1,-1,-1,-1
408,1,936.09,309.01,88.38,363.36,1,-1,-1,-1
408,0,753.79,252.85,96.66,426.05,1,-1,-1,-1
409,1,935.71,306.82,88.26,362.91,1,-1,-1,-1
409,0,753.1,252.22,95.67,426.02,1,-1,-1,-1
410,1,935.14,306.31,88.47,364.04,1,-1,-1,-1
410,0,750.88,251.43,94.67,425.18,1,-1,-1,-1
411,1,935.38,305.87,88.32,363.69,1,-1,-1,-1
411,0,749.77,251.47,94.21,424.84,1,-1,-1,-1
412,1,935.05,306.49,88.51,364.61,1,-1,-1,-1
412,0,749.44,251.56,93.88,424.59,1,-1,-1,-1
413,1,935.38,306.87,88.36,364.67,1,-1,-1,-1
413,0,749.59,252.19,93.91,423.32,1,-1,-1,-1
414,1,936.19,306.92,88.26,365.55,1,-1,-1,-1
414,0,749.58,252.93,94.75,421.86,1,-1,-1,-1
415,1,937.47,306.13,89.58,365.55,1,-1,-1,-1
415,0,749.45,254.4,95.36,422.21,1,-1,-1,-1
416,1,934.29,305.9,94.17,364.11,1,-1,-1,-1
416,0,750.42,254.93,95.55,424.35,1,-1,-1,-1
417,1,928.75,305.6,100.02,362.67,1,-1,-1,-1
417,0,750.3,255.4,95.96,425.95,1,-1,-1,-1
418,1,922.94,308.26,107.06,359.23,1,-1,-1,-1
418,0,750.2,255.57,96.25,426.56,1,-1,-1,-1
419,1,918.59,309.42,112.75,357.63,1,-1,-1,-1
419,0,750.58,255.53,96.19,426.98,1,-1,-1,-1
420,1,922.95,306.67,112.73,358.84,1,-1,-1,-1
420,0,749.9,255.64,95.87,427.54,1,-1,-1,-1
421,1,927.51,303.53,110.2,360.22,1,-1,-1,-1
421,0,749.24,255.75,95.92,428.25,1,-1,-1,-1
422,1,932.12,303.38,106.12,360.01,1,-1,-1,-1
422,0,749.37,255.64,96.5,428.8,1,-1,-1,-1
423,1,934.86,304.82,102.58,358.27,1,-1,-1,-1
423,0,749.98,254.85,96.92,429.2,1,-1,-1,-1
424,1,936.41,306.6,98.88,357.11,1,-1,-1,-1
424,0,748.93,255.34,96.41,429.71,1,-1,-1,-1
425,1,937.45,307.33,95.9,355.94,1,-1,-1,-1
425,0,749.08,254.02,95.76,428.98,1,-1,-1,-1
426,1,937.7,307.45,93.73,354.52,1,-1,-1,-1
426,0,747.58,252.42,94.73,427.63,1,-1,-1,-1
427,1,939.01,309.06,92.42,353.48,1,-1,-1,-1
427,0,748.69,252.17,94.26,427.71,1,-1,-1,-1
428,1,938.99,306.94,92.3,353.33,1,-1,-1,-1
428,0,749.48,251.82,93.37,428.27,1,-1,-1,-1
429,1,937.33,303.1,93.59,349.57,1,-1,-1,-1
429,0,748.45,247.48,92.46,421.88,1,-1,-1,-1
430,1,937.22,302.1,93.69,346.61,1,-1,-1,-1
430,0,749.43,248.88,90.68,422.53,1,-1,-1,-1
431,1,935.85,302.44,93.76,344.75,1,-1,-1,-1
431,0,750.23,248.04,90.48,422.3,1,-1,-1,-1
432,1,931.79,304.28,96.31,342.64,1,-1,-1,-1
432,0,751.61,248.61,90.88,422.45,1,-1,-1,-1
433,1,932.03,304.47,93.72,339.65,1,-1,-1,-1
433,0,751.79,249.08,91.72,422.02,1,-1,-1,-1
434,1,929.87,303.38,90.72,337.61,1,-1,-1,-1
434,0,751.53,249.54,92.06,421.98,1,-1,-1,-1
435,1,928.28,302.61,88.55,337.62,1,-1,-1,-1
435,0,751.37,250.66,92.3,421.4,1,-1,-1,-1
436,1,924.27,301.25,88.06,337.2,1,-1,-1,-1
436,0,751.27,251.75,92.48,419.87,1,-1,-1,-1
437,1,921.09,301.2,87.99,337.48,1,-1,-1,-1
437,0,750.73,250.94,92.88,418.49,1,-1,-1,-1
438,1,919.09,301.64,87.66,337.39,1,-1,-1,-1
438,0,751.95,251.72,93.46,419.73,1,-1,-1,-1
439,1,917.32,303.88,87.7,336.51,1,-1,-1,-1
439,0,750.82,251.45,93.6,420.06,1,-1,-1,-1
440,1,917.54,304.99,87.99,335.06,1,-1,-1,-1
440,0,749.71,252.96,93.7,418.92,1,-1,-1,-1
441,1,918.07,303.36,87.94,335.38,1,-1,-1,-1
441,0,750.66,252.34,92.97,421.52,1,-1,-1,-1
442,1,919.25,302.72,87.35,335.56,1,-1,-1,-1
442,0,750.88,251.87,92.98,422.98,1,-1,-1,-1
443,1,920.3,302.29,86.65,335.4,1,-1,-1,-1
443,0,749.0,251.42,92.97,422.14,1,-1,-1,-1
444,1,921.23,303.91,86.68,335.06,1,-1,-1,-1
444,0,749.32,250.92,93.53,423.76,1,-1,-1,-1
445,1,922.53,304.16,86.16,335.04,1,-1,-1,-1
445,0,747.39,247.01,93.93,418.78,1,-1,-1,-1
446,1,923.97,304.72,86.05,334.78,1,-1,-1,-1
446,0,746.4,249.6,93.96,421.8,1,-1,-1,-1
447,1,925.4,304.97,86.25,334.62,1,-1,-1,-1
447,0,744.92,248.45,94.24,422.68,1,-1,-1,-1
448,1,926.56,305.48,86.4,335.06,1,-1,-1,-1
448,0,745.06,247.97,93.63,422.45,1,-1,-1,-1
449,1,928.28,306.44,86.51,335.66,1,-1,-1,-1
449,0,745.23,247.65,93.18,422.02,1,-1,-1,-1
450,1,928.83,305.26,87.42,335.05,1,-1,-1,-1
450,0,745.58,247.98,93.12,422.26,1,-1,-1,-1
451,1,929.99,305.12,87.8,334.88,1,-1,-1,-1
451,0,746.0,248.55,92.54,422.13,1,-1,-1,-1
452,1,931.2,305.37,88.36,334.21,1,-1,-1,-1
452,0,745.72,250.27,93.21,424.31,1,-1,-1,-1
453,1,931.36,304.47,88.49,333.99,1,-1,-1,-1
453,0,746.44,249.43,93.15,424.21,1,-1,-1,-1
454,1,931.38,305.1,88.58,333.28,1,-1,-1,-1
454,0,746.54,248.95,92.83,423.84,1,-1,-1,-1
455,1,931.64,305.49,88.1,332.73,1,-1,-1,-1
455,0,746.55,250.86,93.42,424.73,1,-1,-1,-1
456,1,931.81,305.93,87.75,332.6,1,-1,-1,-1
456,0,744.96,248.09,93.59,418.35,1,-1,-1,-1
457,1,931.92,305.65,87.5,332.78,1,-1,-1,-1
457,0,746.48,251.69,93.98,420.99,1,-1,-1,-1
458,1,932.65,306.64,87.31,332.64,1,-1,-1,-1
458,0,747.18,253.24,94.54,422.95,1,-1,-1,-1
459,1,932.49,308.05,87.45,333.12,1,-1,-1,-1
459,0,747.82,254.78,94.66,422.42,1,-1,-1,-1
460,1,932.01,309.57,87.01,333.96,1,-1,-1,-1
460,0,748.04,255.45,94.75,422.04,1,-1,-1,-1
461,1,931.9,310.83,86.69,334.85,1,-1,-1,-1
461,0,747.72,257.0,94.28,422.54,1,-1,-1,-1
462,1,931.72,311.99,86.19,335.76,1,-1,-1,-1
462,0,747.95,257.5,93.38,422.87,1,-1,-1,-1
463,1,931.46,311.76,86.37,336.76,1,-1,-1,-1
463,0,749.42,259.84,93.55,424.54,1,-1,-1,-1
464,1,931.32,311.29,86.5,337.21,1,-1,-1,-1
464,0,750.13,260.59,93.95,426.06,1,-1,-1,-1
465,1,930.13,311.85,86.87,337.85,1,-1,-1,-1
465,0,750.79,260.4,93.97,426.87,1,-1,-1,-1
466,1,929.42,311.94,86.87,338.29,1,-1,-1,-1
466,0,750.84,261.02,93.71,427.71,1,-1,-1,-1
467,1,929.16,312.16,86.87,338.06,1,-1,-1,-1
467,0,751.35,261.28,93.24,428.57,1,-1,-1,-1
468,1,929.8,312.69,86.04,338.37,1,-1,-1,-1
468,0,750.05,262.11,93.45,428.7,1,-1,-1,-1
469,1,930.19,313.66,85.44,338.87,1,-1,-1,-1
469,0,749.51,262.18,93.6,428.52,1,-1,-1,-1
470,1,930.25,314.12,84.73,339.49,1,-1,-1,-1
470,0,748.43,263.15,93.44,427.83,1,-1,-1,-1
471,1,929.29,314.24,84.49,339.16,1,-1,-1,-1
471,0,748.05,262.96,93.32,427.32,1,-1,-1,-1
472,1,928.51,315.33,84.58,337.55,1,-1,-1,-1
472,0,748.96,263.78,93.77,425.3,1,-1,-1,-1
473,1,928.01,316.5,84.37,338.02,1,-1,-1,-1
473,0,749.04,264.23,93.83,423.57,1,-1,-1,-1
474,1,927.4,316.26,84.5,337.56,1,-1,-1,-1
474,0,748.13,265.05,94.42,422.88,1,-1,-1,-1
475,1,926.69,316.14,84.87,338.08,1,-1,-1,-1
475,0,748.23,266.65,93.76,423.94,1,-1,-1,-1
476,1,927.02,316.07,85.13,337.63,1,-1,-1,-1
476,0,748.49,266.06,94.37,423.43,1,-1,-1,-1
477,1,927.3,316.94,85.6,337.6,1,-1,-1,-1
477,0,747.91,266.88,94.0,424.37,1,-1,-1,-1
478,1,927.71,317.43,86.5,337.9,1,-1,-1,-1
478,0,748.14,266.34,94.28,425.11,1,-1,-1,-1
479,1,928.36,317.08,87.16,338.4,1,-1,-1,-1
479,0,746.87,264.87,94.48,425.92,1,-1,-1,-1
480,1,929.99,316.66,87.91,338.5,1,-1,-1,-1
480,0,746.9,264.58,93.53,426.96,1,-1,-1,-1
481,1,930.85,315.98,89.01,338.89,1,-1,-1,-1
481,0,745.89,263.01,93.93,426.99,1,-1,-1,-1
482,1,932.09,315.65,89.53,339.16,1,-1,-1,-1
482,0,745.63,261.74,94.5,427.03,1,-1,-1,-1
483,1,933.03,315.27,90.74,339.12,1,-1,-1,-1
483,0,748.05,263.57,94.91,425.67,1,-1,-1,-1
484,1,934.47,314.47,91.62,339.09,1,-1,-1,-1
484,0,750.03,262.38,96.86,427.61,1,-1,-1,-1
485,1,935.03,314.34,92.54,339.37,1,-1,-1,-1
485,0,751.09,261.05,98.28,428.14,1,-1,-1,-1
486,1,935.44,314.98,93.76,338.75,1,-1,-1,-1
486,0,750.66,260.68,98.5,428.74,1,-1,-1,-1
487,1,935.73,314.19,95.2,338.62,1,-1,-1,-1
487,0,751.29,260.23,98.93,428.91,1,-1,-1,-1
488,1,936.23,314.56,96.25,338.53,1,-1,-1,-1
488,0,751.36,260.01,100.06,429.08,1,-1,-1,-1
489,1,936.86,314.72,97.01,338.46,1,-1,-1,-1
489,0,751.55,260.82,101.44,428.67,1,-1,-1,-1
490,1,936.94,314.79,97.57,338.41,1,-1,-1,-1
490,0,751.18,260.65,102.17,429.47,1,-1,-1,-1
491,1,936.85,314.83,97.98,338.37,1,-1,-1,-1
491,0,750.98,261.21,101.88,429.18,1,-1,-1,-1
492,1,936.99,314.4,97.73,338.59,1,-1,-1,-1
492,0,750.37,261.37,100.84,427.86,1,-1,-1,-1
493,1,936.22,313.74,97.27,339.0,1,-1,-1,-1
493,0,748.9,261.62,98.99,427.64,1,-1,-1,-1
494,1,936.46,313.24,96.66,339.02,1,-1,-1,-1
494,0,747.46,261.81,98.74,426.71,1,-1,-1,-1
495,1,936.83,313.5,96.49,338.77,1,-1,-1,-1
495,0,746.77,261.86,98.27,425.74,1,-1,-1,-1
496,1,937.83,313.64,96.64,338.6,1,-1,-1,-1
496,0,747.99,262.45,97.12,425.54,1,-1,-1,-1
497,1,937.16,314.06,98.13,339.12,1,-1,-1,-1
497,0,749.5,262.25,96.55,425.67,1,-1,-1,-1
498,1,937.82,313.89,98.11,339.97,1,-1,-1,-1
498,0,750.37,261.67,96.4,426.05,1,-1,-1,-1
499,1,940.39,314.83,96.73,340.23,1,-1,-1,-1
499,0,750.53,261.59,96.03,426.58,1,-1,-1,-1
500,1,942.77,315.41,94.64,343.16,1,-1,-1,-1
500,0,750.66,261.46,95.75,426.98,1,-1,-1,-1
501,1,945.61,314.04,92.57,344.82,1,-1,-1,-1
501,0,751.21,261.55,95.28,427.52,1,-1,-1,-1
502,1,947.69,313.72,91.04,345.04,1,-1,-1,-1
502,0,750.85,261.68,94.94,428.18,1,-1,-1,-1
503,1,951.05,313.57,90.49,347.12,1,-1,-1,-1
503,0,751.43,261.6,94.68,428.67,1,-1,-1,-1
504,1,954.07,312.83,90.64,349.26,1,-1,-1,-1
504,0,751.69,260.83,94.5,429.03,1,-1,-1,-1
505,1,956.65,313.1,91.03,352.22,1,-1,-1,-1
505,0,752.28,260.49,94.09,429.28,1,-1,-1,-1
506,1,958.18,310.61,91.3,353.28,1,-1,-1,-1
506,0,752.57,260.23,93.8,430.27,1,-1,-1,-1
507,1,957.93,309.62,92.33,354.41,1,-1,-1,-1
507,0,752.73,259.77,93.58,430.73,1,-1,-1,-1
508,1,956.87,310.61,93.89,354.7,1,-1,-1,-1
508,0,751.71,258.66,93.7,430.81,1,-1,-1,-1
509,1,954.12,310.08,95.86,354.67,1,-1,-1,-1
509,0,752.88,258.89,93.23,430.84,1,-1,-1,-1
510,1,948.52,309.77,99.76,353.54,1,-1,-1,-1
510,0,752.76,259.17,92.89,431.12,1,-1,-1,-1
511,1,940.85,310.29,103.15,352.48,1,-1,-1,-1
511,0,752.95,258.38,92.92,431.08,1,-1,-1,-1
512,1,935.93,309.93,104.53,350.58,1,-1,-1,-1
512,0,753.21,257.61,93.22,431.34,1,-1,-1,-1
513,1,929.36,308.44,106.62,348.65,1,-1,-1,-1
513,0,752.79,256.43,93.7,431.27,1,-1,-1,-1
514,1,927.91,309.22,107.33,347.86,1,-1,-1,-1
514,0,752.55,255.16,94.06,430.95,1,-1,-1,-1
515,1,925.12,309.29,107.57,346.71,1,-1,-1,-1
515,0,753.13,253.73,93.49,430.13,1,-1,-1,-1
516,1,920.86,306.94,105.0,345.83,1,-1,-1,-1
516,0,752.05,252.12,93.9,426.75,1,-1,-1,-1
517,1,917.58,306.23,102.85,345.15,1,-1,-1,-1
517,0,751.57,251.82,94.2,424.89,1,-1,-1,-1
518,1,917.23,306.57,101.01,344.36,1,-1,-1,-1
518,0,751.8,251.68,94.14,422.98,1,-1,-1,-1
519,1,919.06,306.35,99.12,344.79,1,-1,-1,-1
519,0,752.09,251.79,94.37,421.32,1,-1,-1,-1
520,1,919.67,304.57,98.01,343.8,1,-1,-1,-1
520,0,752.25,252.35,93.71,420.37,1,-1,-1,-1
521,1,920.25,304.18,98.3,344.2,1,-1,-1,-1
521,0,751.96,252.75,93.51,419.68,1,-1,-1,-1
522,1,922.27,305.19,102.07,344.69,1,-1,-1,-1
522,0,751.42,252.76,93.63,419.73,1,-1,-1,-1
523,1,926.39,306.7,102.09,344.61,1,-1,-1,-1
523,0,751.66,253.74,93.46,421.12,1,-1,-1,-1
524,1,930.88,306.24,103.46,344.04,1,-1,-1,-1
524,0,749.44,248.15,92.78,418.57,1,-1,-1,-1
525,1,931.49,305.35,104.2,345.3,1,-1,-1,-1
525,0,745.11,246.7,93.64,415.01,1,-1,-1,-1
526,1,934.48,304.44,104.19,345.62,1,-1,-1,-1
526,0,737.02,246.63,98.38,412.1,1,-1,-1,-1
527,1,933.75,304.67,105.27,345.91,1,-1,-1,-1
527,0,721.76,246.91,108.95,409.82,1,-1,-1,-1
528,1,932.06,305.17,107.16,345.88,1,-1,-1,-1
528,0,708.2,246.98,117.48,409.09,1,-1,-1,-1
529,1,930.15,308.26,109.08,345.3,1,-1,-1,-1
529,0,699.7,247.78,125.63,408.66,1,-1,-1,-1
530,1,925.37,310.45,112.68,344.35,1,-1,-1,-1
530,0,696.16,249.13,132.12,407.76,1,-1,-1,-1
531,1,916.31,313.86,116.12,343.41,1,-1,-1,-1
531,0,693.77,250.11,136.85,406.56,1,-1,-1,-1
532,1,903.31,311.76,116.99,341.31,1,-1,-1,-1
532,0,687.37,252.46,141.94,405.44,1,-1,-1,-1
533,1,889.86,307.18,108.3,338.93,1,-1,-1,-1
533,0,680.69,254.54,147.3,405.3,1,-1,-1,-1
534,1,880.67,306.19,102.23,337.18,1,-1,-1,-1
534,0,675.0,254.59,154.51,407.4,1,-1,-1,-1
535,1,869.53,305.42,101.09,334.73,1,-1,-1,-1
535,0,671.22,255.92,161.96,409.52,1,-1,-1,-1
536,1,852.29,305.75,107.38,331.93,1,-1,-1,-1
536,0,667.51,257.28,164.92,410.56,1,-1,-1,-1
537,1,837.21,309.08,116.07,329.08,1,-1,-1,-1
537,0,663.37,257.98,163.81,412.53,1,-1,-1,-1
538,1,823.28,309.91,125.7,328.25,1,-1,-1,-1
538,0,662.03,258.54,159.17,415.29,1,-1,-1,-1
539,1,814.01,312.96,133.82,327.73,1,-1,-1,-1
539,0,665.66,258.42,153.87,418.27,1,-1,-1,-1
540,1,809.08,313.41,139.48,328.29,1,-1,-1,-1
540,0,672.31,257.06,148.66,422.66,1,-1,-1,-1
541,1,793.1,311.58,137.57,326.64,1,-1,-1,-1
541,0,680.31,255.85,145.65,425.67,1,-1,-1,-1
542,1,776.95,305.34,118.92,326.66,1,-1,-1,-1
542,0,688.51,255.65,145.37,427.56,1,-1,-1,-1
543,1,771.59,306.01,102.29,325.86,1,-1,-1,-1
543,0,697.84,253.25,144.63,431.57,1,-1,-1,-1
544,0,704.47,251.79,142.73,435.45,1,-1,-1,-1
545,0,709.69,250.26,139.16,440.17,1,-1,-1,-1
546,0,712.79,251.9,135.49,446.62,1,-1,-1,-1
547,0,716.47,252.27,135.54,452.79,1,-1,-1,-1
548,0,724.11,252.32,139.94,457.86,1,-1,-1,-1
549,0,734.35,249.92,139.87,463.22,1,-1,-1,-1
550,1,661.9,281.18,95.3,341.11,1,-1,-1,-1
550,0,742.26,246.73,138.18,467.78,1,-1,-1,-1
551,1,655.11,289.28,98.61,328.3,1,-1,-1,-1
551,0,746.47,243.01,135.56,470.55,1,-1,-1,-1
552,1,648.72,292.01,98.84,318.72,1,-1,-1,-1
552,0,752.53,240.84,133.91,472.4,1,-1,-1,-1
553,1,640.62,295.12,97.37,311.09,1,-1,-1,-1
553,0,755.93,237.65,132.17,474.53,1,-1,-1,-1
554,1,631.28,298.62,91.11,300.15,1,-1,-1,-1
554,0,760.22,236.67,131.16,476.15,1,-1,-1,-1
555,1,623.43,299.63,86.28,292.64,1,-1,-1,-1
555,0,766.74,234.82,136.45,477.08,1,-1,-1,-1
556,1,615.45,300.24,83.99,287.44,1,-1,-1,-1
556,0,777.8,234.63,150.43,477.07,1,-1,-1,-1
557,1,606.37,300.0,83.4,283.86,1,-1,-1,-1
557,0,786.86,234.54,168.56,475.78,1,-1,-1,-1
558,1,599.54,300.59,84.17,278.58,1,-1,-1,-1
558,0,792.27,234.81,182.89,475.34,1,-1,-1,-1
559,1,589.68,302.21,83.14,274.59,1,-1,-1,-1
559,0,795.71,234.82,193.62,476.0,1,-1,-1,-1
560,1,578.53,301.94,79.77,266.32,1,-1,-1,-1
560,0,789.11,236.02,192.14,475.16,1,-1,-1,-1
561,1,568.74,302.19,76.5,261.3,1,-1,-1,-1
561,0,788.13,239.12,189.42,473.47,1,-1,-1,-1
562,1,565.87,302.91,76.31,257.6,1,-1,-1,-1
562,0,786.48,239.76,187.97,471.93,1,-1,-1,-1
563,1,564.61,308.59,75.28,254.74,1,-1,-1,-1
563,0,789.59,241.31,187.46,471.33,1,-1,-1,-1
564,1,565.86,312.56,73.36,252.05,1,-1,-1,-1
564,0,797.45,242.84,187.35,471.16,1,-1,-1,-1
565,1,561.65,318.35,64.17,245.16,1,-1,-1,-1
565,0,810.54,242.08,185.09,471.79,1,-1,-1,-1
566,0,813.83,241.15,187.27,472.63,1,-1,-1,-1
567,0,808.51,241.19,192.41,472.14,1,-1,-1,-1
568,0,802.08,240.44,196.98,471.52,1,-1,-1,-1
569,0,798.5,236.91,198.12,471.88,1,-1,-1,-1
570,0,795.39,236.19,195.94,472.07,1,-1,-1,-1
571,0,800.3,238.41,186.68,471.1,1,-1,-1,-1
572,0,803.03,238.65,178.0,469.34,1,-1,-1,-1
573,0,802.64,239.56,172.21,467.69,1,-1,-1,-1
574,0,799.7,239.53,166.35,467.15,1,-1,-1,-1
575,0,790.37,237.07,156.31,467.29,1,-1,-1,-1
576,0,778.02,236.93,147.92,470.34,1,-1,-1,-1
577,0,771.37,236.63,139.58,469.39,1,-1,-1,-1
578,0,755.63,236.83,139.51,467.12,1,-1,-1,-1
579,0,730.67,236.31,149.59,466.16,1,-1,-1,-1
580,0,707.51,236.73,162.14,462.6,1,-1,-1,-1
581,0,699.6,237.34,170.75,459.09,1,-1,-1,-1
582,0,696.96,238.97,175.66,454.97,1,-1,-1,-1
583,0,691.57,238.36,179.51,453.29,1,-1,-1,-1
584,0,679.66,237.89,178.21,453.17,1,-1,-1,-1
585,0,653.33,235.06,175.35,449.32,1,-1,-1,-1
586,0,630.98,231.37,171.35,444.65,1,-1,-1,-1
587,0,617.78,233.53,166.77,440.4,1,-1,-1,-1
588,0,613.3,237.77,160.68,437.26,1,-1,-1,-1
589,0,617.61,239.17,151.59,433.95,1,-1,-1,-1
590,0,627.17,244.74,141.38,431.81,1,-1,-1,-1
591,0,635.73,246.71,131.46,429.37,1,-1,-1,-1
592,0,638.24,245.62,123.13,427.58,1,-1,-1,-1
593,0,636.83,240.75,115.96,422.12,1,-1,-1,-1
594,0,631.52,241.21,112.11,414.81,1,-1,-1,-1
595,0,621.1,242.54,112.84,407.21,1,-1,-1,-1
596,0,601.46,248.47,122.69,398.12,1,-1,-1,-1
597,0,579.46,252.7,138.34,390.14,1,-1,-1,-1
598,0,561.6,250.06,154.66,388.49,1,-1,-1,-1
599,0,551.55,251.08,164.65,385.86,1,-1,-1,-1
600,0,544.44,250.08,168.37,384.44,1,-1,-1,-1
601,0,529.6,249.62,156.04,381.54,1,-1,-1,-1
602,0,504.94,250.75,146.21,380.51,1,-1,-1,-1
603,0,477.95,252.17,141.77,378.21,1,-1,-1,-1
604,0,455.13,251.52,145.1,375.88,1,-1,-1,-1
605,0,439.29,255.57,154.37,372.99,1,-1,-1,-1
606,0,421.86,257.37,165.23,370.77,1,-1,-1,-1
607,0,396.68,255.69,172.07,366.86,1,-1,-1,-1
608,0,367.08,253.84,171.86,362.62,1,-1,-1,-1
609,0,344.88,250.94,162.65,360.24,1,-1,-1,-1
610,0,337.59,250.67,152.66,355.8,1,-1,-1,-1
611,0,335.58,253.12,143.18,350.43,1,-1,-1,-1
612,0,323.27,231.58,133.0,322.9,1,-1,-1,-1
613,0,309.34,228.24,126.43,297.07,1,-1,-1,-1
614,0,293.8,230.91,125.84,278.4,1,-1,-1,-1
615,0,285.81,234.17,125.6,265.87,1,-1,-1,-1
616,0,278.66,237.91,126.89,257.13,1,-1,-1,-1
617,0,268.22,241.16,131.37,248.53,1,-1,-1,-1
618,0,252.64,245.39,138.9,244.15,1,-1,-1,-1
619,0,236.21,251.72,149.32,239.87,1,-1,-1,-1
620,0,219.66,254.16,159.09,239.7,1,-1,-1,-1
621,0,200.94,255.16,170.9,240.99,1,-1,-1,-1
622,0,184.06,254.65,178.14,241.48,1,-1,-1,-1
623,0,166.1,253.34,177.42,242.74,1,-1,-1,-1
624,0,154.83,253.25,170.6,243.2,1,-1,-1,-1
625,0,152.7,256.03,162.62,244.39,1,-1,-1,-1
626,0,151.08,258.43,154.91,246.18,1,-1,-1,-1
627,0,148.75,258.71,149.06,249.5,1,-1,-1,-1
628,0,144.49,258.56,146.53,255.26,1,-1,-1,-1
629,0,139.67,254.83,145.54,261.55,1,-1,-1,-1
630,0,134.94,248.36,146.45,267.55,1,-1,-1,-1
631,0,127.28,243.18,148.73,272.7,1,-1,-1,-1
632,0,119.4,238.7,151.7,275.15,1,-1,-1,-1
633,0,114.34,235.06,153.02,275.46,1,-1,-1,-1
634,0,114.41,233.98,150.15,275.03,1,-1,-1,-1
635,0,121.22,234.66,142.57,274.1,1,-1,-1,-1
636,0,126.21,236.5,135.4,272.6,1,-1,-1,-1
637,0,128.19,239.5,130.99,271.43,1,-1,-1,-1
638,0,128.55,244.4,130.5,270.05,1,-1,-1,-1
639,0,128.48,253.34,130.45,264.53,1,-1,-1,-1
640,0,128.09,266.74,133.46,256.78,1,-1,-1,-1
641,0,129.91,285.65,136.84,241.82,1,-1,-1,-1
642,0,133.54,306.7,137.07,225.28,1,-1,-1,-1
643,0,134.55,326.12,137.46,209.68,1,-1,-1,-1
644,0,134.47,341.16,138.08,194.08,1,-1,-1,-1
645,0,133.22,347.76,138.3,180.89,1,-1,-1,-1
646,0,131.81,347.84,141.7,173.94,1,-1,-1,-1
647,0,128.95,348.87,147.12,167.79,1,-1,-1,-1
648,0,126.27,349.38,151.84,162.4,1,-1,-1,-1
649,0,123.59,350.59,155.77,158.15,1,-1,-1,-1
650,0,121.78,354.24,158.3,155.25,1,-1,-1,-1
651,0,121.83,358.09,159.86,152.36,1,-1,-1,-1
